<?xml version="1.0"?>
<doc>
    <assembly>
        <name>Lucene.Net.Contrib.Snowball</name>
    </assembly>
    <members>
        <member name="T:Lucene.Net.Analysis.Snowball.SnowballFilter">
            <summary>A filter that stems words using a Snowball-generated stemmer.
            
            Available stemmers are listed in {@link SF.Snowball.Ext}.  The name of a
            stemmer is the part of the class name before "Stemmer", e.g., the stemmer in
            {@link EnglishStemmer} is named "English".
            </summary>
        </member>
        <member name="M:Lucene.Net.Analysis.Snowball.SnowballFilter.#ctor(Lucene.Net.Analysis.TokenStream,System.String)">
            <summary>Construct the named stemming filter.
            
            </summary>
            <param name="in">the input tokens to stem
            </param>
            <param name="name">the name of a stemmer
            </param>
        </member>
        <member name="M:Lucene.Net.Analysis.Snowball.SnowballFilter.Next">
            <summary>Returns the next input Token, after being stemmed </summary>
        </member>
        <member name="T:Lucene.Net.Analysis.Snowball.SnowballAnalyzer">
            <summary>Filters {@link StandardTokenizer} with {@link StandardFilter}, {@link
            LowerCaseFilter}, {@link StopFilter} and {@link SnowballFilter}.
            
            Available stemmers are listed in {@link SF.Snowball.Ext}.  The name of a
            stemmer is the part of the class name before "Stemmer", e.g., the stemmer in
            {@link EnglishStemmer} is named "English".
            </summary>
        </member>
        <member name="M:Lucene.Net.Analysis.Snowball.SnowballAnalyzer.#ctor(System.String)">
            <summary>Builds the named analyzer with no stop words. </summary>
        </member>
        <member name="M:Lucene.Net.Analysis.Snowball.SnowballAnalyzer.#ctor(System.String,System.String[])">
            <summary>Builds the named analyzer with the given stop words. </summary>
        </member>
        <member name="M:Lucene.Net.Analysis.Snowball.SnowballAnalyzer.TokenStream(System.String,System.IO.TextReader)">
            <summary>Constructs a {@link StandardTokenizer} filtered by a {@link
            StandardFilter}, a {@link LowerCaseFilter} and a {@link StopFilter}. 
            </summary>
        </member>
        <member name="M:SF.Snowball.SnowballProgram.GetCurrent">
            <summary> Get the current string.</summary>
        </member>
        <member name="M:SF.Snowball.SnowballProgram.SetCurrent(System.String)">
            <summary> Set the current string.</summary>
        </member>
        <member name="T:SF.Snowball.Ext.KpStemmer">
            <summary> Generated class implementing code defined by a snowball script.</summary>
        </member>
        <member name="T:SF.Snowball.Ext.DanishStemmer">
            <summary> Generated class implementing code defined by a snowball script.</summary>
        </member>
        <member name="T:SF.Snowball.Ext.LovinsStemmer">
            <summary> Generated class implementing code defined by a snowball script.</summary>
        </member>
        <member name="T:SF.Snowball.Ext.GermanStemmer">
            <summary> Generated class implementing code defined by a snowball script.</summary>
        </member>
        <member name="T:SF.Snowball.Ext.DutchStemmer">
            <summary> Generated class implementing code defined by a snowball script.</summary>
        </member>
        <member name="T:SF.Snowball.Ext.SpanishStemmer">
            <summary> Generated class implementing code defined by a snowball script.</summary>
        </member>
        <member name="T:SF.Snowball.Ext.EnglishStemmer">
            <summary> Generated class implementing code defined by a snowball script.</summary>
        </member>
        <member name="T:SF.Snowball.Ext.PorterStemmer">
            <summary> Generated class implementing code defined by a snowball script.</summary>
        </member>
        <member name="T:SF.Snowball.Ext.ItalianStemmer">
            <summary> Generated class implementing code defined by a snowball script.</summary>
        </member>
        <member name="T:SF.Snowball.Ext.FinnishStemmer">
            <summary> Generated class implementing code defined by a snowball script.</summary>
        </member>
        <member name="T:SF.Snowball.Ext.SwedishStemmer">
            <summary> Generated class implementing code defined by a snowball script.</summary>
        </member>
        <member name="T:SF.Snowball.Ext.German2Stemmer">
            <summary> Generated class implementing code defined by a snowball script.</summary>
        </member>
        <member name="T:SF.Snowball.Ext.NorwegianStemmer">
            <summary> Generated class implementing code defined by a snowball script.</summary>
        </member>
        <member name="T:SF.Snowball.Ext.FrenchStemmer">
            <summary> Generated class implementing code defined by a snowball script.</summary>
        </member>
        <member name="T:SF.Snowball.Ext.PortugueseStemmer">
            <summary> Generated class implementing code defined by a snowball script.</summary>
        </member>
        <member name="T:SF.Snowball.Ext.RussianStemmer">
            <summary> Generated class implementing code defined by a snowball script.</summary>
        </member>
    </members>
</doc>
